f_name,l_name,email,phone,add_id
Hillary,Riley,in.hendrerit.consectetuer@atrisusNunc.co.uk,07768 743633,1
Mari,Baldwin,ornare.facilisis@eliterat.org,07327 767123,2
Lysandra,Daniel,malesuada@lorem.edu,07625 131765,3
Indira,Marquez,non.lorem@consequatpurus.net,(01363) 405417,4
Jack,Massey,gravida@ametrisus.edu,(01793) 182452,5
Timon,Frost,molestie@scelerisquescelerisque.ca,(01438) 180844,6
Ahmed,Gregory,ornare.placerat.orci@pedeacurna.edu,07265 845658,7
Jemima,Adkins,enim@vulputateduinec.edu,07115 228569,8
Leah,Snow,a.felis.ullamcorper@feugiatSed.ca,(01348) 355808,8
Deanna,Simpson,libero.et.tristique@sit.edu,(01423) 561214,9
Hayfa,Gillespie,tellus.imperdiet.non@CuraePhasellus.net,(01782) 736278,10
Hu,Sweeney,In.tincidunt.congue@tinciduntorciquis.co.uk,07778 544658,11
Burton,Glover,dui.augue.eu@risusNuncac.org,07665 592256,12
Yoko,Sanford,eget.dictum.placerat@natoquepenatibus.com,(01952) 160285,12
Kane,Brooks,iaculis.quis.pede@fringillapurusmauris.edu,07411 029080,13
Damon,Welch,porttitor@massa.co.uk,07633 665859,14
Sybill,Berger,et.magnis@adlitora.ca,(01376) 755648,15
Gage,Moody,erat@orciDonecnibh.org,(01642) 508634,15
Darryl,Rollins,eu@Phaselluselit.org,07845 651975,16
Rama,Jones,Morbi.accumsan@metus.edu,07494 156321,17
Patricia,Vaughn,luctus.vulputate@Donecvitae.ca,(0161) 351 1123,18
Jameson,Stuart,nec.mauris.blandit@lacinia.com,(01202) 624754,19
Pandora,Dillard,sit.amet@eu.co.uk,(01932) 626177,20
Quyn,Mcmillan,sit.amet@elementumdui.com,07465 215654,21
Timothy,Barlow,a.mi@eget.edu,07845 262336,22
Len,Deleon,Sed.eu@quisturpisvitae.org,(01792) 734715,23
Clare,Mason,blandit@eratnequenon.com,07771 151263,24
Ryan,Cotton,nec@ProinvelitSed.org,07468 825326,25
Guinevere,Powers,Nam@natoque.com,07956 636658,26